<config> 
	<param name="flv" value="camera.flv" />
	<param name="width" value="512" /> 
	<param name="height" value="384" /> 
	<param name="autoplay" value="0" /> 
	<param name="autoload" value="0" /> 
	<param name="buffer" value="5" /> 
	<param name="buffermessage" value="" /> 
	<param name="buffercolor" value="ffffff" /> 
	<param name="bufferbgcolor" value="508dc9" /> 
	<param name="buffershowbg" value="0" /> 
	<param name="title" value="" /> 
	<param name="titlesize" value="20" /> 
	<param name="titlecolor" value="ffffff" /> 
	<param name="margin" value="0" /> 
	<param name="srt" value="0" /> 
	<param name="srtcolor" value="ffffff" /> 
	<param name="srtbgcolor" value="508dc9" /> 
	<param name="srtsize" value="11" /> 
	<param name="showstop" value="1" /> 
	<param name="showvolume" value="1" /> 
	<param name="showtime" value="1" /> 
	<param name="showplayer" value="autohide" /> 
	<param name="showloading" value="autohide" /> 
	<param name="showfullscreen" value="1" /> 
	<param name="showswitchsubtitles" value="0" /> 
	<param name="showmouse" value="autohide" /> 
	<param name="loop" value="0" /> 
	<param name="startimage" value="" /> 
	<param name="playercolor" value="508dc9" /> 
	<param name="loadingcolor" value="bbbbbb" /> 
	<param name="bgcolor" value="508dc9" /> 
	<param name="bgcolor1" value="3a5b9e" /> 
	<param name="bgcolor2" value="508dc9" /> 
	<param name="buttoncolor" value="ffffff" /> 
	<param name="buttonovercolor" value="dbdbdb" /> 
	<param name="slidercolor1" value="ffffff" /> 
	<param name="slidercolor2" value="bbbbbb" /> 
	<param name="sliderovercolor" value="dbdbdb" /> 
	<param name="loadonstop" value="0" /> 
	<param name="onclick" value="playpause" /> 
	<param name="onclicktarget" value="_blank" /> 
	<param name="ondoubleclick" value="fullscreen" /> 
	<param name="ondoubleclicktarget" value="_blank" /> 
	<param name="playertimeout" value="1500" /> 
	<param name="videobgcolor" value="000000" /> 
	<param name="volume" value="100" /> 
	<param name="shortcut" value="1" /> 
	<param name="playeralpha" value="100" /> 
	<param name="phpstream" value="0" /> 
	<param name="srturl" value="" /> 
	<param name="top1" value="0" /> 
	<param name="showiconplay" value="1" /> 
	<param name="iconplaycolor" value="ffffff" /> 
	<param name="iconplaybgcolor" value="dddddd" /> 
	<param name="iconplaybgalpha" value="25" /> 
	<param name="showtitleandstartimage" value="0" /> 
</config>
